oyster (1).png;0
oyster (10).png;0
oyster (100).png;0
oyster (101).png;0
oyster (102).png;0
oyster (103).png;0
oyster (104).png;0
oyster (105).png;0
oyster (106).png;0
oyster (107).png;0
oyster (108).png;0
oyster (109).png;0
oyster (11).png;0
oyster (110).png;0
oyster (111).png;0
oyster (112).png;0
oyster (113).png;0
oyster (114).png;0
oyster (115).png;0
oyster (116).png;0
oyster (117).png;0
oyster (118).png;0
oyster (119).png;0
oyster (12).png;0
oyster (120).png;0
oyster (121).png;0
oyster (122).png;0
oyster (123).png;0
oyster (124).png;0
oyster (13).png;0
oyster (14).png;0
oyster (15).png;0
oyster (16).png;0
oyster (17).png;0
oyster (18).png;0
oyster (19).png;0
oyster (2).png;0
oyster (20).png;0
oyster (21).png;0
oyster (22).png;0
oyster (23).png;0
oyster (24).png;0
oyster (25).png;0
oyster (26).png;0
oyster (27).png;0
oyster (28).png;0
oyster (29).png;0
oyster (3).png;0
oyster (30).png;0
oyster (31).png;0
oyster (32).png;0
oyster (33).png;0
oyster (34).png;0
oyster (35).png;0
oyster (36).png;0
oyster (37).png;0
oyster (38).png;0
oyster (39).png;0
oyster (4).png;0
oyster (40).png;0
oyster (41).png;0
oyster (42).png;0
oyster (43).png;0
oyster (44).png;0
oyster (45).png;0
oyster (46).png;0
oyster (47).png;0
oyster (48).png;0
oyster (49).png;0
oyster (5).png;0
oyster (50).png;0
oyster (51).png;0
oyster (52).png;0
oyster (53).png;0
oyster (54).png;0
oyster (55).png;0
oyster (56).png;0
oyster (57).png;0
oyster (58).png;0
oyster (59).png;0
oyster (6).png;0
oyster (60).png;0
oyster (61).png;0
oyster (62).png;0
oyster (63).png;0
oyster (64).png;0
oyster (65).png;0
oyster (66).png;0
oyster (67).png;0
oyster (68).png;0
oyster (69).png;0
oyster (7).png;0
oyster (70).png;0
oyster (71).png;0
oyster (72).png;0
oyster (73).png;0
oyster (74).png;0
oyster (75).png;0
oyster (76).png;0
oyster (77).png;0
oyster (78).png;0
oyster (79).png;0
oyster (8).png;0
oyster (80).png;0
oyster (81).png;0
oyster (82).png;0
oyster (83).png;0
oyster (84).png;0
oyster (85).png;0
oyster (86).png;0
oyster (87).png;0
oyster (88).png;0
oyster (89).png;0
oyster (9).png;0
oyster (90).png;0
oyster (91).png;0
oyster (92).png;0
oyster (93).png;0
oyster (94).png;0
oyster (95).png;0
oyster (96).png;0
oyster (97).png;0
oyster (98).png;0
oyster (99).png;0
plank (1).png;1
plank (10).png;1
plank (100).png;1
plank (101).png;1
plank (102).png;1
plank (103).png;1
plank (104).png;1
plank (105).png;1
plank (106).png;1
plank (107).png;1
plank (108).png;1
plank (109).png;1
plank (11).png;1
plank (110).png;1
plank (111).png;1
plank (112).png;1
plank (113).png;1
plank (114).png;1
plank (115).png;1
plank (116).png;1
plank (117).png;1
plank (118).png;1
plank (119).png;1
plank (12).png;1
plank (120).png;1
plank (121).png;1
plank (122).png;1
plank (123).png;1
plank (124).png;1
plank (125).png;1
plank (13).png;1
plank (14).png;1
plank (15).png;1
plank (16).png;1
plank (17).png;1
plank (18).png;1
plank (19).png;1
plank (2).png;1
plank (20).png;1
plank (21).png;1
plank (22).png;1
plank (23).png;1
plank (24).png;1
plank (25).png;1
plank (26).png;1
plank (27).png;1
plank (28).png;1
plank (29).png;1
plank (3).png;1
plank (30).png;1
plank (31).png;1
plank (32).png;1
plank (33).png;1
plank (34).png;1
plank (35).png;1
plank (36).png;1
plank (37).png;1
plank (38).png;1
plank (39).png;1
plank (4).png;1
plank (40).png;1
plank (41).png;1
plank (42).png;1
plank (43).png;1
plank (44).png;1
plank (45).png;1
plank (46).png;1
plank (47).png;1
plank (48).png;1
plank (49).png;1
plank (5).png;1
plank (50).png;1
plank (51).png;1
plank (52).png;1
plank (53).png;1
plank (54).png;1
plank (55).png;1
plank (56).png;1
plank (57).png;1
plank (58).png;1
plank (59).png;1
plank (6).png;1
plank (60).png;1
plank (61).png;1
plank (62).png;1
plank (63).png;1
plank (64).png;1
plank (65).png;1
plank (66).png;1
plank (67).png;1
plank (68).png;1
plank (69).png;1
plank (7).png;1
plank (70).png;1
plank (71).png;1
plank (72).png;1
plank (73).png;1
plank (74).png;1
plank (75).png;1
plank (76).png;1
plank (77).png;1
plank (78).png;1
plank (79).png;1
plank (8).png;1
plank (80).png;1
plank (81).png;1
plank (82).png;1
plank (83).png;1
plank (84).png;1
plank (85).png;1
plank (86).png;1
plank (87).png;1
plank (88).png;1
plank (89).png;1
plank (9).png;1
plank (90).png;1
plank (91).png;1
plank (92).png;1
plank (93).png;1
plank (94).png;1
plank (95).png;1
plank (96).png;1
plank (97).png;1
plank (98).png;1
plank (99).png;1